{"cameraMode":{"drawMode":0,"name":"Shaded","section":"Shading Mode"},"sceneLighting":true,"audioPlay":false,"sceneViewState":{"m_AlwaysRefresh":false,"showFog":true,"showSkybox":true,"showFlares":true,"showImageEffects":true,"showParticleSystems":true,"showVisualEffectGraphs":true,"m_FxEnabled":true},"in2DMode":false,"pivot":{"x":-1.8006449937820435,"y":1.8299192190170289,"z":7.862434387207031},"rotation":{"x":0.13752929866313935,"y":-0.28737837076187136,"z":-0.041368380188941959,"w":-0.9471524357795715},"size":0.3521037697792053,"orthographic":false}